<step title="Incoming Request" date="2024-12-09T15:44:04.387" instance="69d805" url="/api/publish?async=true&amp;deployer=GITHUB_ONE_DEPLOY&amp;type=zip&amp;message=%7B%22type%22%3A%22deployment%22%2C%22sha%22%3A%224743bc5fcb83fc3c17848d3d349af9d2f8e5f6e3%22%2C%22repoName%22%3A%22aya7abbal%2FCCProject%22%2C%22actor%22%3A%22aya7abbal%22%2C%22slotName%22%3A%22Production%22%2C%22commitMessage%22%3A%22deploy%22%7D" method="POST" type="request" pid="93,1,73" Host="retail-webapp-fvbraghnb0g0aye4.scm.centralus-01.azurewebsites.net" User-Agent="GITHUBACTIONS_DeployWebAppToAzure_07fa955058e7a9b1c6186baa3bdb95c4e9b64e2f56c76fbeb9d8f68e97497b0d" Authorization="Bas..." Content-Type="application/octet-stream" Cookie="ARRAffinity=69d8052e780e3c5632539e276bc018c2c09d69571a6977d598960a99a68a5152;Path=/;HttpOnly;Secure;Domain=retail-webapp-fvbraghnb0g0aye4.scm.centralus-01.azurewebsites.net; ARRAffinitySameSite=69d8052e780e3c5632539e276bc018c2c09d69571a6977d598960a99a68a5152;Path=/;HttpOnly;SameSite=None;Secure;Domain=retail-webapp-fvbraghnb0g0aye4.scm.centralus-01.azurewebsites.net" Transfer-Encoding="chunked" X-ARR-LOG-ID="948a99fd-5b22-4767-9c10-0eda26c10875" CLIENT-IP="172.183.108.41:47232" X-SITE-DEPLOYMENT-ID="Retail-WebApp" WAS-DEFAULT-HOSTNAME="retail-webapp-fvbraghnb0g0aye4.scm.centralus-01.azurewebsites.net" X-Forwarded-Proto="https" X-AppService-Proto="https" X-Forwarded-TlsVersion="1.3" X-WAWS-Unencoded-URL="/api/publish?async=true&amp;deployer=GITHUB_ONE_DEPLOY&amp;type=zip&amp;message=%7B%22type%22%3A%22deployment%22%2C%22sha%22%3A%224743bc5fcb83fc3c17848d3d349af9d2f8e5f6e3%22%2C%22repoName%22%3A%22aya7abbal%2FCCProject%22%2C%22actor%22%3A%22aya7abbal%22%2C%22slotName%22%3A%22Production%22%2C%22commitMessage%22%3A%22deploy%22%7D" X-Client-IP="172.183.108.41" X-Client-Port="47232" >
  <step title="OneDeploy" date="2024-12-09T15:44:04.423" >
    <step title="None repository commit" date="2024-12-09T15:44:04.443" >
      <step title="Commit id: dbbe7836-6120-48f3-917e-a9cfa1fa2165" date="2024-12-09T15:44:04.445" Message="N/A" AuthorName="N/A" AuthorEmail="N/A" /><!-- duration: 2ms -->
    </step><!-- duration: 9ms -->
    <step title="Starting PushDeployAsync" date="2024-12-09T15:44:04.455" /><!-- duration: 2ms -->
    <step title="Removing previous build artifact&apos;s manifest file" date="2024-12-09T15:44:04.476" >
      <step title="Writing artifact to /tmp/zipdeploy/26b4a460-b643-43ca-b92f-0a617bf33a0e.zip" date="2024-12-09T15:44:04.520" >
        <step title="Writing request body to artifacts at /tmp/zipdeploy/26b4a460-b643-43ca-b92f-0a617bf33a0e.zip" date="2024-12-09T15:44:04.532" /><!-- duration: 2ms -->
      </step><!-- duration: 254ms -->
      <step title="Start deployment in the background" date="2024-12-09T15:44:04.783" >
        <step title="Acquiring Deployment Lock" date="2024-12-09T15:44:04.801" /><!-- duration: 2ms -->
        <step title="Acquired Deployment Lock" date="2024-12-09T15:44:04.844" /><!-- duration: 2ms -->
      </step><!-- duration: 112ms -->
    </step><!-- duration: 426ms -->
    <step title="Outgoing response" date="2024-12-09T15:44:04.907" type="response" statusCode="202" statusText="Accepted" /><!-- duration: 2ms -->
  </step><!-- duration: 489ms -->
