<step title="Incoming Request" date="2024-12-09T04:23:51.742" instance="69d805" url="/api/publish?async=true&amp;deployer=GITHUB_ONE_DEPLOY&amp;type=zip&amp;message=%7B%22type%22%3A%22deployment%22%2C%22sha%22%3A%22ac8ef4c5904e5cce4085d4f3b2828a0b7210f45c%22%2C%22repoName%22%3A%22aya7abbal%2FCCProject%22%2C%22actor%22%3A%22aya7abbal%22%2C%22slotName%22%3A%22Production%22%2C%22commitMessage%22%3A%22Add%20or%20update%20the%20Azure%20App%20Service%20build%20and%20deployment%20workflow%20config%22%7D" method="POST" type="request" pid="85,1,7" Host="retail-webapp-fvbraghnb0g0aye4.scm.centralus-01.azurewebsites.net" User-Agent="GITHUBACTIONS_DeployWebAppToAzure_07fa955058e7a9b1c6186baa3bdb95c4e9b64e2f56c76fbeb9d8f68e97497b0d" Authorization="Bas..." Content-Type="application/octet-stream" Cookie="ARRAffinity=69d8052e780e3c5632539e276bc018c2c09d69571a6977d598960a99a68a5152;Path=/;HttpOnly;Secure;Domain=retail-webapp-fvbraghnb0g0aye4.scm.centralus-01.azurewebsites.net; ARRAffinitySameSite=69d8052e780e3c5632539e276bc018c2c09d69571a6977d598960a99a68a5152;Path=/;HttpOnly;SameSite=None;Secure;Domain=retail-webapp-fvbraghnb0g0aye4.scm.centralus-01.azurewebsites.net" Transfer-Encoding="chunked" X-ARR-LOG-ID="aaa34041-9f15-48da-b21c-ce9cea3301c6" CLIENT-IP="20.172.5.215:47160" X-SITE-DEPLOYMENT-ID="Retail-WebApp" WAS-DEFAULT-HOSTNAME="retail-webapp-fvbraghnb0g0aye4.scm.centralus-01.azurewebsites.net" X-Forwarded-Proto="https" X-AppService-Proto="https" X-Forwarded-TlsVersion="1.3" X-WAWS-Unencoded-URL="/api/publish?async=true&amp;deployer=GITHUB_ONE_DEPLOY&amp;type=zip&amp;message=%7B%22type%22%3A%22deployment%22%2C%22sha%22%3A%22ac8ef4c5904e5cce4085d4f3b2828a0b7210f45c%22%2C%22repoName%22%3A%22aya7abbal%2FCCProject%22%2C%22actor%22%3A%22aya7abbal%22%2C%22slotName%22%3A%22Production%22%2C%22commitMessage%22%3A%22Add%20or%20update%20the%20Azure%20App%20Service%20build%20and%20deployment%20workflow%20config%22%7D" X-Client-IP="20.172.5.215" X-Client-Port="47160" >
  <step title="OneDeploy" date="2024-12-09T04:23:51.780" >
    <step title="None repository commit" date="2024-12-09T04:23:51.789" >
      <step title="Commit id: 97da845b-2486-4691-bf6d-69f92c818c18" date="2024-12-09T04:23:51.791" Message="N/A" AuthorName="N/A" AuthorEmail="N/A" /><!-- duration: 2ms -->
    </step><!-- duration: 6ms -->
    <step title="Starting PushDeployAsync" date="2024-12-09T04:23:51.797" /><!-- duration: 2ms -->
    <step title="Removing previous build artifact&apos;s manifest file" date="2024-12-09T04:23:51.804" >
      <step title="Writing artifact to /tmp/zipdeploy/e052d1cf-5306-427f-a322-81af83be671e.zip" date="2024-12-09T04:23:51.812" >
        <step title="Writing request body to artifacts at /tmp/zipdeploy/e052d1cf-5306-427f-a322-81af83be671e.zip" date="2024-12-09T04:23:51.815" /><!-- duration: 3ms -->
      </step><!-- duration: 507ms -->
      <step title="Start deployment in the background" date="2024-12-09T04:23:52.330" >
        <step title="Acquiring Deployment Lock" date="2024-12-09T04:23:52.338" /><!-- duration: 3ms -->
        <step title="Acquired Deployment Lock" date="2024-12-09T04:23:52.359" /><!-- duration: 2ms -->
      </step><!-- duration: 82ms -->
    </step><!-- duration: 611ms -->
    <step title="Outgoing response" date="2024-12-09T04:23:52.421" type="response" statusCode="202" statusText="Accepted" /><!-- duration: 2ms -->
  </step><!-- duration: 645ms -->
