<step title="Incoming Request" date="2024-12-09T04:34:52.341" instance="69d805" url="/api/deployments/latest?deployer=OneDeploy&amp;time=2024-12-09_04-34-41Z" method="GET" type="request" pid="85,1,33" Host="retail-webapp-fvbraghnb0g0aye4.scm.centralus-01.azurewebsites.net" User-Agent="GITHUBACTIONS_DeployWebAppToAzure_07fa955058e7a9b1c6186baa3bdb95c4e9b64e2f56c76fbeb9d8f68e97497b0d" Authorization="Bas..." Content-Type="application/json; charset=utf-8" Cookie="ARRAffinity=69d8052e780e3c5632539e276bc018c2c09d69571a6977d598960a99a68a5152;Path=/;HttpOnly;Secure;Domain=retail-webapp-fvbraghnb0g0aye4.scm.centralus-01.azurewebsites.net; ARRAffinitySameSite=69d8052e780e3c5632539e276bc018c2c09d69571a6977d598960a99a68a5152;Path=/;HttpOnly;SameSite=None;Secure;Domain=retail-webapp-fvbraghnb0g0aye4.scm.centralus-01.azurewebsites.net" Content-Length="0" X-ARR-LOG-ID="c4d3a4b5-c4e0-4e77-b331-1e63ec99c208" CLIENT-IP="20.55.213.87:41146" X-SITE-DEPLOYMENT-ID="Retail-WebApp" WAS-DEFAULT-HOSTNAME="retail-webapp-fvbraghnb0g0aye4.scm.centralus-01.azurewebsites.net" X-Forwarded-Proto="https" X-AppService-Proto="https" X-Forwarded-TlsVersion="1.3" X-WAWS-Unencoded-URL="/api/deployments/latest?deployer=OneDeploy&amp;time=2024-12-09_04-34-41Z" X-Client-IP="20.55.213.87" X-Client-Port="41146" >
  <step title="Cleanup Xml Logs" date="2024-12-09T04:34:52.350" /><!-- duration: 6ms -->
  <step title="DeploymentService.GetResult" date="2024-12-09T04:34:52.361" >
    <step title="DeploymentService.GetLatestDeployment" date="2024-12-09T04:34:52.363" >
      <step title="DeploymentManager.GetResults" date="2024-12-09T04:34:52.365" /><!-- duration: 176ms -->
      <step title="Deployment 2c411eb2-e942-4d7d-a7e1-143c5811b56f is Building" date="2024-12-09T04:34:52.543" /><!-- duration: 2ms -->
    </step><!-- duration: 184ms -->
  </step><!-- duration: 193ms -->
  <step title="Outgoing response" date="2024-12-09T04:34:52.558" type="response" statusCode="202" statusText="Accepted" /><!-- duration: 3ms -->
</step><!-- duration: 222ms -->
