<step title="Incoming Request" date="2024-12-09T15:44:10.427" instance="69d805" url="/api/deployments/latest?deployer=OneDeploy&amp;time=2024-12-09_15-44-04Z" method="GET" type="request" pid="93,1,75" Host="retail-webapp-fvbraghnb0g0aye4.scm.centralus-01.azurewebsites.net" User-Agent="GITHUBACTIONS_DeployWebAppToAzure_07fa955058e7a9b1c6186baa3bdb95c4e9b64e2f56c76fbeb9d8f68e97497b0d" Authorization="Bas..." Content-Type="application/json; charset=utf-8" Cookie="ARRAffinity=69d8052e780e3c5632539e276bc018c2c09d69571a6977d598960a99a68a5152;Path=/;HttpOnly;Secure;Domain=retail-webapp-fvbraghnb0g0aye4.scm.centralus-01.azurewebsites.net; ARRAffinitySameSite=69d8052e780e3c5632539e276bc018c2c09d69571a6977d598960a99a68a5152;Path=/;HttpOnly;SameSite=None;Secure;Domain=retail-webapp-fvbraghnb0g0aye4.scm.centralus-01.azurewebsites.net" Content-Length="0" X-ARR-LOG-ID="c095afaf-7bf7-4985-adbe-e9b31bff9661" CLIENT-IP="172.183.108.41:47233" X-SITE-DEPLOYMENT-ID="Retail-WebApp" WAS-DEFAULT-HOSTNAME="retail-webapp-fvbraghnb0g0aye4.scm.centralus-01.azurewebsites.net" X-Forwarded-Proto="https" X-AppService-Proto="https" X-Forwarded-TlsVersion="1.3" X-WAWS-Unencoded-URL="/api/deployments/latest?deployer=OneDeploy&amp;time=2024-12-09_15-44-04Z" X-Client-IP="172.183.108.41" X-Client-Port="47233" >
  <step title="Cleanup Xml Logs" date="2024-12-09T15:44:10.430" /><!-- duration: 7ms -->
  <step title="DeploymentService.GetResult" date="2024-12-09T15:44:10.444" >
    <step title="DeploymentService.GetLatestDeployment" date="2024-12-09T15:44:10.447" >
      <step title="DeploymentManager.GetResults" date="2024-12-09T15:44:10.452" /><!-- duration: 386ms -->
      <step title="Deployment dbbe7836-6120-48f3-917e-a9cfa1fa2165 is Building" date="2024-12-09T15:44:10.846" /><!-- duration: 2ms -->
    </step><!-- duration: 403ms -->
  </step><!-- duration: 409ms -->
  <step title="Outgoing response" date="2024-12-09T15:44:10.856" type="response" statusCode="202" statusText="Accepted" /><!-- duration: 2ms -->
</step><!-- duration: 433ms -->
