<step title="Incoming Request" date="2024-12-08T21:43:08.555" instance="e0673e" url="/api/deployments/latest?deployer=OneDeploy&amp;time=2024-12-08_21-42-39Z" method="GET" type="request" pid="86,1,14" Host="retail-webapp-fvbraghnb0g0aye4.scm.centralus-01.azurewebsites.net" User-Agent="GITHUBACTIONS_DeployWebAppToAzure_07fa955058e7a9b1c6186baa3bdb95c4e9b64e2f56c76fbeb9d8f68e97497b0d" Authorization="Bas..." Content-Type="application/json; charset=utf-8" Cookie="ARRAffinity=e0673e1f74cb41099b234cccdcebb2529f890acd174966d89cb55643a6d395c5;Path=/;HttpOnly;Secure;Domain=retail-webapp-fvbraghnb0g0aye4.scm.centralus-01.azurewebsites.net; ARRAffinitySameSite=e0673e1f74cb41099b234cccdcebb2529f890acd174966d89cb55643a6d395c5;Path=/;HttpOnly;SameSite=None;Secure;Domain=retail-webapp-fvbraghnb0g0aye4.scm.centralus-01.azurewebsites.net" Content-Length="0" X-ARR-LOG-ID="c0963eaa-4cce-4768-a8f4-9b41eac00905" CLIENT-IP="20.51.206.102:58434" X-SITE-DEPLOYMENT-ID="Retail-WebApp" WAS-DEFAULT-HOSTNAME="retail-webapp-fvbraghnb0g0aye4.scm.centralus-01.azurewebsites.net" X-Forwarded-Proto="https" X-AppService-Proto="https" X-Forwarded-TlsVersion="1.3" X-WAWS-Unencoded-URL="/api/deployments/latest?deployer=OneDeploy&amp;time=2024-12-08_21-42-39Z" X-Client-IP="20.51.206.102" X-Client-Port="58434" >
  <step title="Cleanup Xml Logs" date="2024-12-08T21:43:08.564" /><!-- duration: 5ms -->
  <step title="DeploymentService.GetResult" date="2024-12-08T21:43:08.580" >
    <step title="DeploymentService.GetLatestDeployment" date="2024-12-08T21:43:08.584" >
      <step title="DeploymentManager.GetResults" date="2024-12-08T21:43:08.587" /><!-- duration: 106ms -->
      <step title="Deployment 5c3bfdec-d343-45db-82f4-bcb378fbad25 is Building" date="2024-12-08T21:43:08.696" /><!-- duration: 2ms -->
    </step><!-- duration: 117ms -->
  </step><!-- duration: 124ms -->
  <step title="Outgoing response" date="2024-12-08T21:43:08.707" type="response" statusCode="202" statusText="Accepted" /><!-- duration: 3ms -->
</step><!-- duration: 158ms -->
