<step title="Incoming Request" date="2024-12-09T04:11:25.745" instance="69d805" url="/api/publish?async=true&amp;deployer=GITHUB_ONE_DEPLOY&amp;type=zip&amp;message=%7B%22type%22%3A%22deployment%22%2C%22sha%22%3A%222996b1996e69807ab29eb18a3db84314658bcc0e%22%2C%22repoName%22%3A%22aya7abbal%2FCCProject%22%2C%22actor%22%3A%22aya7abbal%22%2C%22slotName%22%3A%22Production%22%2C%22commitMessage%22%3A%22dummy%22%7D" method="POST" type="request" pid="80,1,27" Host="retail-webapp-fvbraghnb0g0aye4.scm.centralus-01.azurewebsites.net" User-Agent="GITHUBACTIONS_DeployWebAppToAzure_07fa955058e7a9b1c6186baa3bdb95c4e9b64e2f56c76fbeb9d8f68e97497b0d" Authorization="Bas..." Content-Type="application/octet-stream" Cookie="ARRAffinity=69d8052e780e3c5632539e276bc018c2c09d69571a6977d598960a99a68a5152;Path=/;HttpOnly;Secure;Domain=retail-webapp-fvbraghnb0g0aye4.scm.centralus-01.azurewebsites.net; ARRAffinitySameSite=69d8052e780e3c5632539e276bc018c2c09d69571a6977d598960a99a68a5152;Path=/;HttpOnly;SameSite=None;Secure;Domain=retail-webapp-fvbraghnb0g0aye4.scm.centralus-01.azurewebsites.net" Transfer-Encoding="chunked" X-ARR-LOG-ID="3de44893-fcb6-41ea-9791-176901cce059" CLIENT-IP="20.81.159.31:16448" X-SITE-DEPLOYMENT-ID="Retail-WebApp" WAS-DEFAULT-HOSTNAME="retail-webapp-fvbraghnb0g0aye4.scm.centralus-01.azurewebsites.net" X-Forwarded-Proto="https" X-AppService-Proto="https" X-Forwarded-TlsVersion="1.3" X-WAWS-Unencoded-URL="/api/publish?async=true&amp;deployer=GITHUB_ONE_DEPLOY&amp;type=zip&amp;message=%7B%22type%22%3A%22deployment%22%2C%22sha%22%3A%222996b1996e69807ab29eb18a3db84314658bcc0e%22%2C%22repoName%22%3A%22aya7abbal%2FCCProject%22%2C%22actor%22%3A%22aya7abbal%22%2C%22slotName%22%3A%22Production%22%2C%22commitMessage%22%3A%22dummy%22%7D" X-Client-IP="20.81.159.31" X-Client-Port="16448" >
  <step title="OneDeploy" date="2024-12-09T04:11:25.759" >
    <step title="Starting PushDeployAsync" date="2024-12-09T04:11:25.765" /><!-- duration: 2ms -->
    <step title="Removing previous build artifact&apos;s manifest file" date="2024-12-09T04:11:25.771" >
      <step title="Writing artifact to /tmp/zipdeploy/3fc34d7a-c0a3-425c-a3c4-d8812b754635.zip" date="2024-12-09T04:11:25.777" >
        <step title="Writing request body to artifacts at /tmp/zipdeploy/3fc34d7a-c0a3-425c-a3c4-d8812b754635.zip" date="2024-12-09T04:11:25.780" /><!-- duration: 2ms -->
      </step><!-- duration: 345ms -->
      <step title="Start deployment in the background" date="2024-12-09T04:11:26.128" >
        <step title="Acquiring Deployment Lock" date="2024-12-09T04:11:26.141" /><!-- duration: 3ms -->
        <step title="Acquired Deployment Lock" date="2024-12-09T04:11:26.161" /><!-- duration: 2ms -->
      </step><!-- duration: 82ms -->
    </step><!-- duration: 442ms -->
    <step title="Outgoing response" date="2024-12-09T04:11:26.215" type="response" statusCode="202" statusText="Accepted" /><!-- duration: 2ms -->
  </step><!-- duration: 460ms -->
