<step title="Incoming Request" date="2024-12-09T04:07:00.139" instance="69d805" url="/api/publish?async=true&amp;deployer=GITHUB_ONE_DEPLOY&amp;type=zip&amp;message=%7B%22type%22%3A%22deployment%22%2C%22sha%22%3A%226d0191203ebbea6460bab259833d4fd1f6c70d8f%22%2C%22repoName%22%3A%22aya7abbal%2FCCProject%22%2C%22actor%22%3A%22aya7abbal%22%2C%22slotName%22%3A%22Production%22%2C%22commitMessage%22%3A%22dummy%22%7D" method="POST" type="request" pid="80,1,5" Host="retail-webapp-fvbraghnb0g0aye4.scm.centralus-01.azurewebsites.net" User-Agent="GITHUBACTIONS_DeployWebAppToAzure_07fa955058e7a9b1c6186baa3bdb95c4e9b64e2f56c76fbeb9d8f68e97497b0d" Authorization="Bas..." Content-Type="application/octet-stream" Cookie="ARRAffinity=69d8052e780e3c5632539e276bc018c2c09d69571a6977d598960a99a68a5152;Path=/;HttpOnly;Secure;Domain=retail-webapp-fvbraghnb0g0aye4.scm.centralus-01.azurewebsites.net; ARRAffinitySameSite=69d8052e780e3c5632539e276bc018c2c09d69571a6977d598960a99a68a5152;Path=/;HttpOnly;SameSite=None;Secure;Domain=retail-webapp-fvbraghnb0g0aye4.scm.centralus-01.azurewebsites.net" Transfer-Encoding="chunked" X-ARR-LOG-ID="e7cb278d-1194-4f61-b893-09bb2224c906" CLIENT-IP="172.183.79.14:1136" X-SITE-DEPLOYMENT-ID="Retail-WebApp" WAS-DEFAULT-HOSTNAME="retail-webapp-fvbraghnb0g0aye4.scm.centralus-01.azurewebsites.net" X-Forwarded-Proto="https" X-AppService-Proto="https" X-Forwarded-TlsVersion="1.3" X-WAWS-Unencoded-URL="/api/publish?async=true&amp;deployer=GITHUB_ONE_DEPLOY&amp;type=zip&amp;message=%7B%22type%22%3A%22deployment%22%2C%22sha%22%3A%226d0191203ebbea6460bab259833d4fd1f6c70d8f%22%2C%22repoName%22%3A%22aya7abbal%2FCCProject%22%2C%22actor%22%3A%22aya7abbal%22%2C%22slotName%22%3A%22Production%22%2C%22commitMessage%22%3A%22dummy%22%7D" X-Client-IP="172.183.79.14" X-Client-Port="1136" >
  <step title="OneDeploy" date="2024-12-09T04:07:00.219" >
    <step title="None repository commit" date="2024-12-09T04:07:00.228" >
      <step title="Commit id: f313a932-96b9-4806-b4a8-0e74d95f30e1" date="2024-12-09T04:07:00.230" Message="N/A" AuthorName="N/A" AuthorEmail="N/A" /><!-- duration: 6ms -->
    </step><!-- duration: 11ms -->
    <step title="Starting PushDeployAsync" date="2024-12-09T04:07:00.241" /><!-- duration: 2ms -->
    <step title="Removing previous build artifact&apos;s manifest file" date="2024-12-09T04:07:00.248" >
      <step title="Writing artifact to /tmp/zipdeploy/a47ae8b3-b755-49f7-b8db-1203929a087a.zip" date="2024-12-09T04:07:00.256" >
        <step title="Writing request body to artifacts at /tmp/zipdeploy/a47ae8b3-b755-49f7-b8db-1203929a087a.zip" date="2024-12-09T04:07:00.258" /><!-- duration: 2ms -->
      </step><!-- duration: 184ms -->
      <step title="Start deployment in the background" date="2024-12-09T04:07:00.459" >
        <step title="Acquiring Deployment Lock" date="2024-12-09T04:07:00.467" /><!-- duration: 2ms -->
        <step title="Acquired Deployment Lock" date="2024-12-09T04:07:00.497" /><!-- duration: 2ms -->
      </step><!-- duration: 78ms -->
    </step><!-- duration: 293ms -->
    <step title="Outgoing response" date="2024-12-09T04:07:00.546" type="response" statusCode="202" statusText="Accepted" /><!-- duration: 2ms -->
  </step><!-- duration: 331ms -->
