<step title="Incoming Request" date="2024-12-09T04:11:31.819" instance="69d805" url="/api/deployments/latest?deployer=OneDeploy&amp;time=2024-12-09_04-11-26Z" method="GET" type="request" pid="80,1,34" Host="retail-webapp-fvbraghnb0g0aye4.scm.centralus-01.azurewebsites.net" User-Agent="GITHUBACTIONS_DeployWebAppToAzure_07fa955058e7a9b1c6186baa3bdb95c4e9b64e2f56c76fbeb9d8f68e97497b0d" Authorization="Bas..." Content-Type="application/json; charset=utf-8" Cookie="ARRAffinity=69d8052e780e3c5632539e276bc018c2c09d69571a6977d598960a99a68a5152;Path=/;HttpOnly;Secure;Domain=retail-webapp-fvbraghnb0g0aye4.scm.centralus-01.azurewebsites.net; ARRAffinitySameSite=69d8052e780e3c5632539e276bc018c2c09d69571a6977d598960a99a68a5152;Path=/;HttpOnly;SameSite=None;Secure;Domain=retail-webapp-fvbraghnb0g0aye4.scm.centralus-01.azurewebsites.net" Content-Length="0" X-ARR-LOG-ID="4d711969-5194-4118-90aa-ada20474107a" CLIENT-IP="20.81.159.31:16449" X-SITE-DEPLOYMENT-ID="Retail-WebApp" WAS-DEFAULT-HOSTNAME="retail-webapp-fvbraghnb0g0aye4.scm.centralus-01.azurewebsites.net" X-Forwarded-Proto="https" X-AppService-Proto="https" X-Forwarded-TlsVersion="1.3" X-WAWS-Unencoded-URL="/api/deployments/latest?deployer=OneDeploy&amp;time=2024-12-09_04-11-26Z" X-Client-IP="20.81.159.31" X-Client-Port="16449" >
  <step title="Cleanup Xml Logs" date="2024-12-09T04:11:31.823" /><!-- duration: 21ms -->
  <step title="DeploymentService.GetResult" date="2024-12-09T04:11:31.865" >
    <step title="DeploymentService.GetLatestDeployment" date="2024-12-09T04:11:31.869" >
      <step title="DeploymentManager.GetResults" date="2024-12-09T04:11:31.874" /><!-- duration: 408ms -->
      <step title="Deployment 16e211ab-5266-42a2-93f1-1c890ece8d85 is Building" date="2024-12-09T04:11:32.286" /><!-- duration: 2ms -->
    </step><!-- duration: 422ms -->
  </step><!-- duration: 428ms -->
  <step title="Outgoing response" date="2024-12-09T04:11:32.437" type="response" statusCode="202" statusText="Accepted" /><!-- duration: 4ms -->
</step><!-- duration: 626ms -->
