<step title="Incoming Request" date="2024-12-09T04:35:08.468" instance="69d805" url="/api/deployments/latest?deployer=OneDeploy&amp;time=2024-12-09_04-34-41Z" method="GET" type="request" pid="85,1,39" Host="retail-webapp-fvbraghnb0g0aye4.scm.centralus-01.azurewebsites.net" User-Agent="GITHUBACTIONS_DeployWebAppToAzure_07fa955058e7a9b1c6186baa3bdb95c4e9b64e2f56c76fbeb9d8f68e97497b0d" Authorization="Bas..." Content-Type="application/json; charset=utf-8" Cookie="ARRAffinity=69d8052e780e3c5632539e276bc018c2c09d69571a6977d598960a99a68a5152;Path=/;HttpOnly;Secure;Domain=retail-webapp-fvbraghnb0g0aye4.scm.centralus-01.azurewebsites.net; ARRAffinitySameSite=69d8052e780e3c5632539e276bc018c2c09d69571a6977d598960a99a68a5152;Path=/;HttpOnly;SameSite=None;Secure;Domain=retail-webapp-fvbraghnb0g0aye4.scm.centralus-01.azurewebsites.net" Content-Length="0" X-ARR-LOG-ID="604c7b4e-85c8-448e-9b3a-dc6150853d9c" CLIENT-IP="20.55.213.87:41146" X-SITE-DEPLOYMENT-ID="Retail-WebApp" WAS-DEFAULT-HOSTNAME="retail-webapp-fvbraghnb0g0aye4.scm.centralus-01.azurewebsites.net" X-Forwarded-Proto="https" X-AppService-Proto="https" X-Forwarded-TlsVersion="1.3" X-WAWS-Unencoded-URL="/api/deployments/latest?deployer=OneDeploy&amp;time=2024-12-09_04-34-41Z" X-Client-IP="20.55.213.87" X-Client-Port="41146" >
  <step title="Cleanup Xml Logs" date="2024-12-09T04:35:08.475" /><!-- duration: 6ms -->
  <step title="DeploymentService.GetResult" date="2024-12-09T04:35:08.486" >
    <step title="DeploymentService.GetLatestDeployment" date="2024-12-09T04:35:08.488" >
      <step title="DeploymentManager.GetResults" date="2024-12-09T04:35:08.491" /><!-- duration: 182ms -->
      <step title="Deployment temp-753f891f is Pending" date="2024-12-09T04:35:08.675" /><!-- duration: 2ms -->
    </step><!-- duration: 191ms -->
  </step><!-- duration: 195ms -->
  <step title="Outgoing response" date="2024-12-09T04:35:08.684" type="response" statusCode="202" statusText="Accepted" /><!-- duration: 2ms -->
</step><!-- duration: 220ms -->
