<step title="Incoming Request" date="2024-12-09T04:34:57.712" instance="69d805" url="/api/deployments/latest?deployer=OneDeploy&amp;time=2024-12-09_04-34-41Z" method="GET" type="request" pid="85,1,36" Host="retail-webapp-fvbraghnb0g0aye4.scm.centralus-01.azurewebsites.net" User-Agent="GITHUBACTIONS_DeployWebAppToAzure_07fa955058e7a9b1c6186baa3bdb95c4e9b64e2f56c76fbeb9d8f68e97497b0d" Authorization="Bas..." Content-Type="application/json; charset=utf-8" Cookie="ARRAffinity=69d8052e780e3c5632539e276bc018c2c09d69571a6977d598960a99a68a5152;Path=/;HttpOnly;Secure;Domain=retail-webapp-fvbraghnb0g0aye4.scm.centralus-01.azurewebsites.net; ARRAffinitySameSite=69d8052e780e3c5632539e276bc018c2c09d69571a6977d598960a99a68a5152;Path=/;HttpOnly;SameSite=None;Secure;Domain=retail-webapp-fvbraghnb0g0aye4.scm.centralus-01.azurewebsites.net" Content-Length="0" X-ARR-LOG-ID="231f5768-356e-4729-8a5a-24abcb214143" CLIENT-IP="20.55.213.87:41144" X-SITE-DEPLOYMENT-ID="Retail-WebApp" WAS-DEFAULT-HOSTNAME="retail-webapp-fvbraghnb0g0aye4.scm.centralus-01.azurewebsites.net" X-Forwarded-Proto="https" X-AppService-Proto="https" X-Forwarded-TlsVersion="1.3" X-WAWS-Unencoded-URL="/api/deployments/latest?deployer=OneDeploy&amp;time=2024-12-09_04-34-41Z" X-Client-IP="20.55.213.87" X-Client-Port="41144" >
  <step title="Cleanup Xml Logs" date="2024-12-09T04:34:57.715" /><!-- duration: 6ms -->
  <step title="DeploymentService.GetResult" date="2024-12-09T04:34:57.730" >
    <step title="DeploymentService.GetLatestDeployment" date="2024-12-09T04:34:57.733" >
      <step title="DeploymentManager.GetResults" date="2024-12-09T04:34:57.735" /><!-- duration: 199ms -->
      <step title="Deployment 2c411eb2-e942-4d7d-a7e1-143c5811b56f is Building" date="2024-12-09T04:34:57.937" /><!-- duration: 2ms -->
    </step><!-- duration: 209ms -->
  </step><!-- duration: 216ms -->
  <step title="Outgoing response" date="2024-12-09T04:34:57.949" type="response" statusCode="202" statusText="Accepted" /><!-- duration: 3ms -->
</step><!-- duration: 243ms -->
