<step title="Incoming Request" date="2024-12-09T04:24:25.351" instance="69d805" url="/api/deployments/latest?deployer=OneDeploy&amp;time=2024-12-09_04-23-52Z" method="GET" type="request" pid="85,1,14" Host="retail-webapp-fvbraghnb0g0aye4.scm.centralus-01.azurewebsites.net" User-Agent="GITHUBACTIONS_DeployWebAppToAzure_07fa955058e7a9b1c6186baa3bdb95c4e9b64e2f56c76fbeb9d8f68e97497b0d" Authorization="Bas..." Content-Type="application/json; charset=utf-8" Cookie="ARRAffinity=69d8052e780e3c5632539e276bc018c2c09d69571a6977d598960a99a68a5152;Path=/;HttpOnly;Secure;Domain=retail-webapp-fvbraghnb0g0aye4.scm.centralus-01.azurewebsites.net; ARRAffinitySameSite=69d8052e780e3c5632539e276bc018c2c09d69571a6977d598960a99a68a5152;Path=/;HttpOnly;SameSite=None;Secure;Domain=retail-webapp-fvbraghnb0g0aye4.scm.centralus-01.azurewebsites.net" Content-Length="0" X-ARR-LOG-ID="6b584aef-2ba0-44c8-b2da-43f34a3ce9c1" CLIENT-IP="20.172.5.215:47160" X-SITE-DEPLOYMENT-ID="Retail-WebApp" WAS-DEFAULT-HOSTNAME="retail-webapp-fvbraghnb0g0aye4.scm.centralus-01.azurewebsites.net" X-Forwarded-Proto="https" X-AppService-Proto="https" X-Forwarded-TlsVersion="1.3" X-WAWS-Unencoded-URL="/api/deployments/latest?deployer=OneDeploy&amp;time=2024-12-09_04-23-52Z" X-Client-IP="20.172.5.215" X-Client-Port="47160" >
  <step title="Cleanup Xml Logs" date="2024-12-09T04:24:25.354" /><!-- duration: 5ms -->
  <step title="DeploymentService.GetResult" date="2024-12-09T04:24:25.364" >
    <step title="DeploymentService.GetLatestDeployment" date="2024-12-09T04:24:25.366" >
      <step title="DeploymentManager.GetResults" date="2024-12-09T04:24:25.369" /><!-- duration: 125ms -->
      <step title="Deployment temp-6b595c70 is Pending" date="2024-12-09T04:24:25.496" /><!-- duration: 4ms -->
    </step><!-- duration: 136ms -->
  </step><!-- duration: 140ms -->
  <step title="Outgoing response" date="2024-12-09T04:24:25.516" type="response" statusCode="202" statusText="Accepted" /><!-- duration: 3ms -->
</step><!-- duration: 170ms -->
