<step title="Incoming Request" date="2024-12-08T21:43:13.905" instance="e0673e" url="/api/deployments/latest?deployer=OneDeploy&amp;time=2024-12-08_21-42-39Z" method="GET" type="request" pid="86,1,14" Host="retail-webapp-fvbraghnb0g0aye4.scm.centralus-01.azurewebsites.net" User-Agent="GITHUBACTIONS_DeployWebAppToAzure_07fa955058e7a9b1c6186baa3bdb95c4e9b64e2f56c76fbeb9d8f68e97497b0d" Authorization="Bas..." Content-Type="application/json; charset=utf-8" Cookie="ARRAffinity=e0673e1f74cb41099b234cccdcebb2529f890acd174966d89cb55643a6d395c5;Path=/;HttpOnly;Secure;Domain=retail-webapp-fvbraghnb0g0aye4.scm.centralus-01.azurewebsites.net; ARRAffinitySameSite=e0673e1f74cb41099b234cccdcebb2529f890acd174966d89cb55643a6d395c5;Path=/;HttpOnly;SameSite=None;Secure;Domain=retail-webapp-fvbraghnb0g0aye4.scm.centralus-01.azurewebsites.net" Content-Length="0" X-ARR-LOG-ID="9361e6b4-087b-4584-8fce-3f212b35c170" CLIENT-IP="20.51.206.102:58432" X-SITE-DEPLOYMENT-ID="Retail-WebApp" WAS-DEFAULT-HOSTNAME="retail-webapp-fvbraghnb0g0aye4.scm.centralus-01.azurewebsites.net" X-Forwarded-Proto="https" X-AppService-Proto="https" X-Forwarded-TlsVersion="1.3" X-WAWS-Unencoded-URL="/api/deployments/latest?deployer=OneDeploy&amp;time=2024-12-08_21-42-39Z" X-Client-IP="20.51.206.102" X-Client-Port="58432" >
  <step title="Cleanup Xml Logs" date="2024-12-08T21:43:13.907" /><!-- duration: 8ms -->
  <step title="DeploymentService.GetResult" date="2024-12-08T21:43:13.933" >
    <step title="DeploymentService.GetLatestDeployment" date="2024-12-08T21:43:13.937" >
      <step title="DeploymentManager.GetResults" date="2024-12-08T21:43:13.942" /><!-- duration: 113ms -->
      <step title="Deployment 5c3bfdec-d343-45db-82f4-bcb378fbad25 is Building" date="2024-12-08T21:43:14.059" /><!-- duration: 4ms -->
    </step><!-- duration: 129ms -->
  </step><!-- duration: 143ms -->
  <step title="Outgoing response" date="2024-12-08T21:43:14.081" type="response" statusCode="202" statusText="Accepted" /><!-- duration: 3ms -->
</step><!-- duration: 185ms -->
