<step title="BackgroundTrace" date="2024-12-08T21:42:39.295" instance="e0673e" url="/api/publish" method="POST" >
  <step title="Cleanup Xml Logs" date="2024-12-08T21:42:39.304" /><!-- duration: 5ms -->
  <step title="Creating temporary deployment - FetchDeploymentManager" date="2024-12-08T21:42:39.356" /><!-- duration: 3ms -->
  <step title="Creating temporary deployment" date="2024-12-08T21:42:39.362" /><!-- duration: 63ms -->
  <step title="Performing fetch based deployment" date="2024-12-08T21:42:39.482" >
    <step title="Cleaning up temp folders from previous zip deployments and extracting pushed zip file /tmp/zipdeploy/665e19a9-a737-4bc6-a1c4-fe7cb760321b.zip (16.84 MB) to /tmp/zipdeploy/extracted" date="2024-12-08T21:42:40.609" >
      <step title="ChmodRecursive Process exited with total time taken in ms: 69" date="2024-12-08T21:42:41.257" /><!-- duration: 3ms -->
    </step><!-- duration: 656ms -->
    <step title="Deployment timer started" date="2024-12-08T21:42:43.275" >
      <step title="DeploymentManager.Deploy(id:5c3bfdec-d343-45db-82f4-bcb378fbad25)" date="2024-12-08T21:42:43.283" >
        <step title="Collecting changeset information" date="2024-12-08T21:42:43.305" /><!-- duration: 59ms -->
        <step title="Updating submodules" date="2024-12-08T21:42:43.368" /><!-- duration: 1071ms -->
        <step title="Determining deployment builder" date="2024-12-08T21:42:44.587" >
          <step title="Builder is OryxBuilder" date="2024-12-08T21:42:44.595" /><!-- duration: 3ms -->
        </step><!-- duration: 14ms -->
        <step title="PreDeployment: context.CleanOutputPath False" date="2024-12-08T21:42:44.626" >
          <step title="PreDeployment: context.OutputPath /home/site/wwwroot" date="2024-12-08T21:42:44.694" >
            <step title="Building" date="2024-12-08T21:42:44.793" >
              <step title="Executing external process" date="2024-12-08T21:42:44.984" type="process" path="bash" arguments="-c &quot;oryx build /tmp/zipdeploy/extracted -o /home/site/wwwroot --platform python --platform-version 3.12 -p virtualenv_name=antenv --log-file /tmp/build-debug.log  -i /tmp/8dd17d140035444 --compress-destination-dir | tee /tmp/oryx-build.log ; exit $PIPESTATUS &quot;" /><!-- duration: 32468ms -->
              <step title="Using PythonDeploymentLogParser" date="2024-12-08T21:43:17.679" /><!-- duration: 3ms -->
              <step title="Modified file to trigger a restart of the app container." date="2024-12-08T21:43:18.320" /><!-- duration: 3ms -->
              <step title="Skip function trigger and logicapp sync because function is not enabled." date="2024-12-08T21:43:18.336" /><!-- duration: 3ms -->
            </step><!-- duration: 34033ms -->
          </step><!-- duration: 34139ms -->
          <step title="Cleaning up temp files" date="2024-12-08T21:43:18.837" /><!-- duration: 103ms -->
          <step title="Cleaning up temp files" date="2024-12-08T21:43:18.944" /><!-- duration: 507ms -->
          <step title="Reloading status file with latest updates" date="2024-12-08T21:43:19.481" >
            <step title="WebHooksManager.PublishEventAsync: PostDeployment" date="2024-12-08T21:43:19.486" /><!-- duration: 380ms -->
          </step><!-- duration: 388ms -->
          <step title="Cleaning up temporary deployment - fetch deployment was successful" date="2024-12-08T21:43:19.874" /><!-- duration: 3ms -->
        </step><!-- duration: 35280ms -->
      </step><!-- duration: 36638ms -->
