<step title="Incoming Request" date="2024-12-09T04:11:42.831" instance="69d805" url="/api/deployments/latest?deployer=OneDeploy&amp;time=2024-12-09_04-11-26Z" method="GET" type="request" pid="80,1,33" Host="retail-webapp-fvbraghnb0g0aye4.scm.centralus-01.azurewebsites.net" User-Agent="GITHUBACTIONS_DeployWebAppToAzure_07fa955058e7a9b1c6186baa3bdb95c4e9b64e2f56c76fbeb9d8f68e97497b0d" Authorization="Bas..." Content-Type="application/json; charset=utf-8" Cookie="ARRAffinity=69d8052e780e3c5632539e276bc018c2c09d69571a6977d598960a99a68a5152;Path=/;HttpOnly;Secure;Domain=retail-webapp-fvbraghnb0g0aye4.scm.centralus-01.azurewebsites.net; ARRAffinitySameSite=69d8052e780e3c5632539e276bc018c2c09d69571a6977d598960a99a68a5152;Path=/;HttpOnly;SameSite=None;Secure;Domain=retail-webapp-fvbraghnb0g0aye4.scm.centralus-01.azurewebsites.net" Content-Length="0" X-ARR-LOG-ID="804c8672-0549-4324-8e37-07a9f846fd4c" CLIENT-IP="20.81.159.31:16450" X-SITE-DEPLOYMENT-ID="Retail-WebApp" WAS-DEFAULT-HOSTNAME="retail-webapp-fvbraghnb0g0aye4.scm.centralus-01.azurewebsites.net" X-Forwarded-Proto="https" X-AppService-Proto="https" X-Forwarded-TlsVersion="1.3" X-WAWS-Unencoded-URL="/api/deployments/latest?deployer=OneDeploy&amp;time=2024-12-09_04-11-26Z" X-Client-IP="20.81.159.31" X-Client-Port="16450" >
  <step title="Cleanup Xml Logs" date="2024-12-09T04:11:42.834" /><!-- duration: 4ms -->
  <step title="DeploymentService.GetResult" date="2024-12-09T04:11:42.844" >
    <step title="DeploymentService.GetLatestDeployment" date="2024-12-09T04:11:42.847" >
      <step title="DeploymentManager.GetResults" date="2024-12-09T04:11:42.851" /><!-- duration: 129ms -->
      <step title="Deployment 16e211ab-5266-42a2-93f1-1c890ece8d85 is Building" date="2024-12-09T04:11:42.982" /><!-- duration: 2ms -->
    </step><!-- duration: 139ms -->
  </step><!-- duration: 157ms -->
  <step title="Outgoing response" date="2024-12-09T04:11:43.021" type="response" statusCode="202" statusText="Accepted" /><!-- duration: 3ms -->
</step><!-- duration: 195ms -->
