<step title="BackgroundTrace" date="2024-12-09T15:44:04.786" instance="69d805" url="/api/publish" method="POST" >
  <step title="Cleanup Xml Logs" date="2024-12-09T15:44:04.791" /><!-- duration: 5ms -->
  <step title="Creating temporary deployment - FetchDeploymentManager" date="2024-12-09T15:44:04.848" /><!-- duration: 2ms -->
  <step title="Creating temporary deployment" date="2024-12-09T15:44:04.855" /><!-- duration: 37ms -->
  <step title="Performing fetch based deployment" date="2024-12-09T15:44:04.919" >
    <step title="Cleaning up temp folders from previous zip deployments and extracting pushed zip file /tmp/zipdeploy/26b4a460-b643-43ca-b92f-0a617bf33a0e.zip (22.16 MB) to /tmp/zipdeploy/extracted" date="2024-12-09T15:44:05.999" >
      <step title="ChmodRecursive Process exited with total time taken in ms: 93" date="2024-12-09T15:44:06.952" /><!-- duration: 2ms -->
    </step><!-- duration: 960ms -->
    <step title="Deployment timer started" date="2024-12-09T15:44:08.973" >
      <step title="DeploymentManager.Deploy(id:dbbe7836-6120-48f3-917e-a9cfa1fa2165)" date="2024-12-09T15:44:08.979" >
        <step title="Collecting changeset information" date="2024-12-09T15:44:08.987" /><!-- duration: 87ms -->
        <step title="Updating submodules" date="2024-12-09T15:44:09.077" /><!-- duration: 1062ms -->
        <step title="Determining deployment builder" date="2024-12-09T15:44:10.257" >
          <step title="Builder is OryxBuilder" date="2024-12-09T15:44:10.268" /><!-- duration: 2ms -->
        </step><!-- duration: 16ms -->
        <step title="PreDeployment: context.CleanOutputPath False" date="2024-12-09T15:44:10.297" >
          <step title="PreDeployment: context.OutputPath /home/site/wwwroot" date="2024-12-09T15:44:10.359" >
            <step title="Building" date="2024-12-09T15:44:10.424" >
              <step title="Executing external process" date="2024-12-09T15:44:10.612" type="process" path="bash" arguments="-c &quot;oryx build /tmp/zipdeploy/extracted -o /home/site/wwwroot --platform python --platform-version 3.12 -p virtualenv_name=antenv --log-file /tmp/build-debug.log  -i /tmp/8dd186852e3157f --compress-destination-dir | tee /tmp/oryx-build.log ; exit $PIPESTATUS &quot;" /><!-- duration: 23427ms -->
              <step title="Using PythonDeploymentLogParser" date="2024-12-09T15:44:34.256" /><!-- duration: 2ms -->
              <step title="Modified file to trigger a restart of the app container." date="2024-12-09T15:44:34.875" /><!-- duration: 2ms -->
              <step title="Skip function trigger and logicapp sync because function is not enabled." date="2024-12-09T15:44:34.882" /><!-- duration: 3ms -->
            </step><!-- duration: 25118ms -->
          </step><!-- duration: 25188ms -->
          <step title="Cleaning up temp files" date="2024-12-09T15:44:35.549" /><!-- duration: 1778ms -->
          <step title="Cleaning up temp files" date="2024-12-09T15:44:37.330" /><!-- duration: 505ms -->
          <step title="Reloading status file with latest updates" date="2024-12-09T15:44:37.854" >
            <step title="WebHooksManager.PublishEventAsync: PostDeployment" date="2024-12-09T15:44:37.859" /><!-- duration: 37ms -->
          </step><!-- duration: 44ms -->
          <step title="Cleaning up temporary deployment - fetch deployment was successful" date="2024-12-09T15:44:37.902" /><!-- duration: 2ms -->
        </step><!-- duration: 27634ms -->
      </step><!-- duration: 28962ms -->
