<step title="Incoming Request" date="2024-12-09T15:44:36.963" instance="69d805" url="/api/deployments/latest?deployer=OneDeploy&amp;time=2024-12-09_15-44-04Z" method="GET" type="request" pid="93,1,79" Host="retail-webapp-fvbraghnb0g0aye4.scm.centralus-01.azurewebsites.net" User-Agent="GITHUBACTIONS_DeployWebAppToAzure_07fa955058e7a9b1c6186baa3bdb95c4e9b64e2f56c76fbeb9d8f68e97497b0d" Authorization="Bas..." Content-Type="application/json; charset=utf-8" Cookie="ARRAffinity=69d8052e780e3c5632539e276bc018c2c09d69571a6977d598960a99a68a5152;Path=/;HttpOnly;Secure;Domain=retail-webapp-fvbraghnb0g0aye4.scm.centralus-01.azurewebsites.net; ARRAffinitySameSite=69d8052e780e3c5632539e276bc018c2c09d69571a6977d598960a99a68a5152;Path=/;HttpOnly;SameSite=None;Secure;Domain=retail-webapp-fvbraghnb0g0aye4.scm.centralus-01.azurewebsites.net" Content-Length="0" X-ARR-LOG-ID="e1c68979-922f-4c7e-a687-95b9695cb99a" CLIENT-IP="172.183.108.41:47232" X-SITE-DEPLOYMENT-ID="Retail-WebApp" WAS-DEFAULT-HOSTNAME="retail-webapp-fvbraghnb0g0aye4.scm.centralus-01.azurewebsites.net" X-Forwarded-Proto="https" X-AppService-Proto="https" X-Forwarded-TlsVersion="1.3" X-WAWS-Unencoded-URL="/api/deployments/latest?deployer=OneDeploy&amp;time=2024-12-09_15-44-04Z" X-Client-IP="172.183.108.41" X-Client-Port="47232" >
  <step title="Cleanup Xml Logs" date="2024-12-09T15:44:36.966" /><!-- duration: 6ms -->
  <step title="DeploymentService.GetResult" date="2024-12-09T15:44:36.977" >
    <step title="DeploymentService.GetLatestDeployment" date="2024-12-09T15:44:36.979" >
      <step title="DeploymentManager.GetResults" date="2024-12-09T15:44:36.981" /><!-- duration: 110ms -->
      <step title="Deployment temp-3417bf19 is Pending" date="2024-12-09T15:44:37.093" /><!-- duration: 2ms -->
    </step><!-- duration: 118ms -->
  </step><!-- duration: 122ms -->
  <step title="Outgoing response" date="2024-12-09T15:44:37.102" type="response" statusCode="202" statusText="Accepted" /><!-- duration: 2ms -->
</step><!-- duration: 142ms -->
