<step title="Incoming Request" date="2024-12-09T04:07:37.743" instance="69d805" url="/api/deployments/latest?deployer=OneDeploy&amp;time=2024-12-09_04-07-00Z" method="GET" type="request" pid="80,1,21" Host="retail-webapp-fvbraghnb0g0aye4.scm.centralus-01.azurewebsites.net" User-Agent="GITHUBACTIONS_DeployWebAppToAzure_07fa955058e7a9b1c6186baa3bdb95c4e9b64e2f56c76fbeb9d8f68e97497b0d" Authorization="Bas..." Content-Type="application/json; charset=utf-8" Cookie="ARRAffinity=69d8052e780e3c5632539e276bc018c2c09d69571a6977d598960a99a68a5152;Path=/;HttpOnly;Secure;Domain=retail-webapp-fvbraghnb0g0aye4.scm.centralus-01.azurewebsites.net; ARRAffinitySameSite=69d8052e780e3c5632539e276bc018c2c09d69571a6977d598960a99a68a5152;Path=/;HttpOnly;SameSite=None;Secure;Domain=retail-webapp-fvbraghnb0g0aye4.scm.centralus-01.azurewebsites.net" Content-Length="0" X-ARR-LOG-ID="aeba9d36-b117-4203-9a7e-9ccd01f343ba" CLIENT-IP="172.183.79.14:1137" X-SITE-DEPLOYMENT-ID="Retail-WebApp" WAS-DEFAULT-HOSTNAME="retail-webapp-fvbraghnb0g0aye4.scm.centralus-01.azurewebsites.net" X-Forwarded-Proto="https" X-AppService-Proto="https" X-Forwarded-TlsVersion="1.3" X-WAWS-Unencoded-URL="/api/deployments/latest?deployer=OneDeploy&amp;time=2024-12-09_04-07-00Z" X-Client-IP="172.183.79.14" X-Client-Port="1137" >
  <step title="Cleanup Xml Logs" date="2024-12-09T04:07:37.745" /><!-- duration: 4ms -->
  <step title="DeploymentService.GetResult" date="2024-12-09T04:07:37.755" >
    <step title="DeploymentService.GetLatestDeployment" date="2024-12-09T04:07:37.757" >
      <step title="DeploymentManager.GetResults" date="2024-12-09T04:07:37.760" /><!-- duration: 118ms -->
      <step title="Deployment temp-74fdc9ef is Pending" date="2024-12-09T04:07:37.880" /><!-- duration: 2ms -->
    </step><!-- duration: 127ms -->
  </step><!-- duration: 131ms -->
  <step title="Outgoing response" date="2024-12-09T04:07:37.895" type="response" statusCode="202" statusText="Accepted" /><!-- duration: 4ms -->
</step><!-- duration: 159ms -->
