<step title="Incoming Request" date="2024-12-09T04:11:53.473" instance="69d805" url="/api/deployments/latest?deployer=OneDeploy&amp;time=2024-12-09_04-11-26Z" method="GET" type="request" pid="80,1,35" Host="retail-webapp-fvbraghnb0g0aye4.scm.centralus-01.azurewebsites.net" User-Agent="GITHUBACTIONS_DeployWebAppToAzure_07fa955058e7a9b1c6186baa3bdb95c4e9b64e2f56c76fbeb9d8f68e97497b0d" Authorization="Bas..." Content-Type="application/json; charset=utf-8" Cookie="ARRAffinity=69d8052e780e3c5632539e276bc018c2c09d69571a6977d598960a99a68a5152;Path=/;HttpOnly;Secure;Domain=retail-webapp-fvbraghnb0g0aye4.scm.centralus-01.azurewebsites.net; ARRAffinitySameSite=69d8052e780e3c5632539e276bc018c2c09d69571a6977d598960a99a68a5152;Path=/;HttpOnly;SameSite=None;Secure;Domain=retail-webapp-fvbraghnb0g0aye4.scm.centralus-01.azurewebsites.net" Content-Length="0" X-ARR-LOG-ID="3021b184-4dd6-440a-8f99-d8086e70f5a1" CLIENT-IP="20.81.159.31:16448" X-SITE-DEPLOYMENT-ID="Retail-WebApp" WAS-DEFAULT-HOSTNAME="retail-webapp-fvbraghnb0g0aye4.scm.centralus-01.azurewebsites.net" X-Forwarded-Proto="https" X-AppService-Proto="https" X-Forwarded-TlsVersion="1.3" X-WAWS-Unencoded-URL="/api/deployments/latest?deployer=OneDeploy&amp;time=2024-12-09_04-11-26Z" X-Client-IP="20.81.159.31" X-Client-Port="16448" >
  <step title="Cleanup Xml Logs" date="2024-12-09T04:11:53.476" /><!-- duration: 4ms -->
  <step title="DeploymentService.GetResult" date="2024-12-09T04:11:53.485" >
    <step title="DeploymentService.GetLatestDeployment" date="2024-12-09T04:11:53.487" >
      <step title="DeploymentManager.GetResults" date="2024-12-09T04:11:53.490" /><!-- duration: 115ms -->
      <step title="Deployment 16e211ab-5266-42a2-93f1-1c890ece8d85 is Building" date="2024-12-09T04:11:53.607" /><!-- duration: 2ms -->
    </step><!-- duration: 124ms -->
  </step><!-- duration: 130ms -->
  <step title="Outgoing response" date="2024-12-09T04:11:53.621" type="response" statusCode="202" statusText="Accepted" /><!-- duration: 2ms -->
</step><!-- duration: 151ms -->
